<?xml version="1.0" encoding="UTF-8"?>
<jposEntries>
    <JposEntry logicalName="MdScanner_0">
        <creation factoryClass="com.mindeo.javapos.MDScannerServiceFactory"
            serviceClass="com.mindeo.javapos.MDScannerService" />
        <vendor name="Mindeo, Corp." />
        <jpos category="Scanner" version="1.6" />
        <product description="Mindeo Barcode Scanner" name="Mindeo Scanner" />
        <prop name="Interface" type="String" value="HID" />
        <prop name="Identifier" type="String" value="DX0200044" />
    </JposEntry>
    <JposEntry logicalName="MdScanner_1">
        <creation factoryClass="com.mindeo.javapos.MDScannerServiceFactory"
            serviceClass="com.mindeo.javapos.MDScannerService" />
        <vendor name="Mindeo, Corp." />
        <jpos category="Scanner" version="1.6" />
        <product description="Mindeo Barcode Scanner" name="Mindeo Scanner" />
        <prop name="Interface" type="String" value="HID" />
                <prop name="Initial1" type="String" value="DX0200019" />
    </JposEntry>
    <JposEntry logicalName="MdScanner_2">
        <creation factoryClass="com.mindeo.javapos.MDScannerServiceFactory"
            serviceClass="com.mindeo.javapos.MDScannerService" />
        <vendor name="Mindeo, Corp." />
        <jpos category="Scanner" version="1.6" />
        <product description="Mindeo Barcode Scanner" name="Mindeo Scanner" />
        <prop name="Interface" type="String" value="HID" />
        <prop name="Identifier" type="String" value="DX02000020" />
    </JposEntry>
    <JposEntry logicalName="MdScanner_3">
        <creation factoryClass="com.mindeo.javapos.MDScannerServiceFactory"
            serviceClass="com.mindeo.javapos.MDScannerService" />
        <vendor name="Mindeo, Corp." />
        <jpos category="Scanner" version="1.6" />
        <product description="Mindeo Barcode Scanner" name="Mindeo Scanner" />
        <prop name="Interface" type="String" value="HID" />
        <prop name="Identifier" type="String" value="DE0600941" />
    </JposEntry>
</jposEntries>
